{
    "x": -9.508195877075196,
    "y": 3.703315258026123,
    "z": 0.0
}