{
    "x": -9.48966121673584,
    "y": 2.4244349002838136,
    "z": 0.0
}