{
    "x": -0.5560348629951477,
    "y": 4.160131931304932,
    "z": 0.0
}