{
    "x": 4.689228057861328,
    "y": 4.6605634689331059,
    "z": 0.0
}