{
    "x": -0.018534494563937188,
    "y": 4.945126533508301,
    "z": 0.0
}