{
    "x": -0.5560348629951477,
    "y": 4.4010796546936039,
    "z": 0.0
}