{
    "x": -2.242673873901367,
    "y": 0.34202510118484499,
    "z": 0.0
}